x,y,plane,id,quantity,comment
2324,9800,0,590,1,Tinderbox,Ardougne Underground Pass,36_153
2309,9801,0,1925,1,Bucket ,Underground pass Dwarf camp,36_153
2391,9453,0,602,1,Lens mould,Observatory dungeon,37_147
2386,9677,0,1482,1,Orb of light,Underground pass West,37_151
2385,9685,0,1483,1,Orb of light,Underground pass North West,37_151
2416,9698,0,1484,1,Orb of light,Underground pass North,37_151
2381,3414,0,2150,1,Swamp toad,south of grand tree,37_53
2382,3412,0,2150,1,Swamp toad,south of grand tree,37_53
2391,3406,0,2150,1,Swamp toad,south of grand tree,37_53
2399,3406,0,2150,1,Swamp toad,south of grand tree,37_53
2401,3404,0,2150,1,Swamp toad,south of grand tree,37_53
2406,3405,0,2150,1,Swamp toad,south of grand tree,37_53
2408,3408,0,2150,1,Swamp toad,south of grand tree,37_53
2407,3516,0,2150,1,Swamp toad,Grand tree Swamp,37_54
2424,3514,0,2150,1,Swamp toad,Grand tree Swamp,37_54
2409,3514,0,2150,1,Swamp toad,Grand tree Swamp,37_54
2411,3512,0,2150,1,Swamp toad,Grand tree Swamp,37_54
2412,3519,0,2150,1,Swamp toad,Grand tree Swamp,37_54
2413,3511,0,2150,1,Swamp toad,Grand tree Swamp,37_54
2415,3518,0,2150,1,Swamp toad,Grand tree Swamp,37_54
2417,3508,0,2150,1,Swamp toad,Grand tree Swamp,37_54
2421,3509,0,2150,1,Swamp toad,Grand tree Swamp,37_54
2428,3510,0,2150,1,Swamp toad,Grand tree Swamp,37_54
2416,3512,0,2150,1,Swamp toad,Grand tree Swamp,37_54
2417,3512,0,2150,1,Swamp toad,Grand tree Swamp,37_54
2417,3515,0,2150,1,Swamp toad,Grand tree Swamp,37_54
2417,3516,0,2150,1,Swamp toad,Grand tree Swamp,37_54
2418,3511,0,2150,1,Swamp toad,Grand tree Swamp,37_54
2418,3517,0,2150,1,Swamp toad,Grand tree Swamp,37_54
2421,3519,0,2150,1,Swamp toad,Grand tree Swamp,37_54
2424,3517,0,2150,1,Swamp toad,Grand tree Swamp,37_54
2425,3515,0,2162,1,King worm,Grand tree Swamp,37_54
2408,3515,0,2162,1,King worm,Grand tree Swamp,37_54
2408,3518,0,2162,1,King worm,Grand tree Swamp,37_54
2414,3510,0,2162,1,King worm,Grand tree Swamp,37_54
2414,3518,0,2162,1,King worm,Grand tree Swamp,37_54
2415,3511,0,2162,1,King worm,Grand tree Swamp,37_54
2415,3517,0,2162,1,King worm,Grand tree Swamp,37_54
2426,3507,0,2162,1,King worm,Grand tree Swamp,37_54
2427,3508,0,2162,1,King worm,Grand tree Swamp,37_54
2419,3511,0,2162,1,King worm,Grand tree Swamp,37_54
2379,4712,0,740,1,Blue hat,Legend quest cave,37_73
2443,9653,0,1480,1,Rock,Underground pass,38_150
2448,9639,0,1480,1,Rock,Underground pass,38_150
2435,9726,0,960,1,Plank,Underground Pass dungeon,38_151
2467,3177,0,179,1,Antipoison(1),Observatory,38_49
2466,3179,0,526,1,Bones,Observatory,38_49
2442,3187,0,600,1,Astrology book,Observatory,38_49
2461,3178,0,1783,1,Bucket of sand,Observatory,38_49
2458,3191,0,1511,1,Logs,Observatory,38_49
2464,3191,0,1511,1,Logs,Observatory,38_49
2462,3187,0,1511,1,Logs,Observatory,38_49
2453,3230,0,526,1,Bones,,38_50
2470,3217,0,526,1,Bones,,38_50
2470,3223,0,526,1,Bones,,38_50
2476,3224,0,526,1,Bones,,38_50
2480,3219,0,526,1,Bones,,38_50
2484,3221,0,526,1,Bones,,38_50
2455,3220,0,526,1,Bones,,38_50
2456,3230,0,526,1,Bones,,38_50
2456,3234,0,526,1,Bones,,38_50
2457,3224,0,526,1,Bones,,38_50
2459,3222,0,526,1,Bones,,38_50
2461,3230,0,526,1,Bones,,38_50
2466,3226,0,526,1,Bones,,38_50
2483,3482,1,2026,1,Cocktail glass,Grand Tree,38_54
2489,3489,1,2026,1,Cocktail glass,Grand Tree,38_54
2531,9461,0,526,1,Bones,Gu'Tanoth skavid cave,39_147
2533,9462,0,526,1,Bones,Gu'Tanoth skavid cave,39_147
2532,9464,0,526,1,Bones,Gu'Tanoth skavid cave,39_147
2535,9464,0,526,1,Bones,Gu'Tanoth skavid cave,39_147
2512,9448,0,526,1,Bones,Gu'Tanoth skavid cave,39_147
2508,9449,0,526,1,Bones,Gu'Tanoth skavid cave,39_147
2506,9448,0,526,1,Bones,Gu'Tanoth skavid cave,39_147
2505,9447,0,526,1,Bones,Gu'Tanoth skavid cave,39_147
2507,9447,0,526,1,Bones,Gu'Tanoth skavid cave,39_147
2508,9447,0,526,1,Bones,Gu'Tanoth skavid cave,39_147
2501,9427,0,526,1,Bones,Gu'Tanoth skavid cave,39_147
2503,9425,0,526,1,Bones,Gu'Tanoth skavid cave,39_147
2504,9427,0,526,1,Bones,Gu'Tanoth skavid cave,39_147
2498,9434,0,995,1,Coins,Skavid Caves,39_147
2499,9432,0,995,1,Coins,Skavid Caves,39_147
2500,9427,0,995,1,Coins,Skavid Caves,39_147
2498,9434,0,995,1,Coins,Gu'Tanoth skavid cave,39_147
2499,9432,0,995,1,Coins,Gu'Tanoth skavid cave,39_147
2500,9427,0,995,1,Coins,Gu'Tanoth skavid cave,39_147
2517,9453,0,2384,1,Finger nail,Gu'Tanoth skavid cave,39_147
2505,9441,0,2384,1,Finger nail,Gu'Tanoth skavid cave,39_147
2530,9462,0,2398,1,Nightshade,Gu'Tanoth skavid cave,39_147
2528,9415,0,2398,1,Nightshade,Gu'Tanoth skavid cave,39_147
2500,2967,0,560,1,Death rune,Feldip Hills,39_46
2552,2986,0,526,1,Bones,,39_46
2552,2984,0,526,1,Bones,,39_46
2542,2983,0,526,1,Bones,,39_46
2522,2983,0,526,1,Bones,,39_46
2512,2982,0,526,1,Bones,,39_46
2508,2982,0,526,1,Bones,,39_46
2499,2958,0,526,1,Bones,,39_46
2506,2952,0,526,1,Bones,,39_46
2511,2954,0,526,1,Bones,2496_2954,39_46
2529,3030,0,946,1,Knife,Gu'Tanoth,39_47
2512,3023,0,526,1,Bones,,39_47
2512,3021,0,526,1,Bones,,39_47
2513,3021,0,526,1,Bones,,39_47
2513,3020,0,526,1,Bones,,39_47
2514,3020,0,526,1,Bones,,39_47
2515,3020,0,526,1,Bones,,39_47
2541,3028,0,526,1,Bones,,39_47
2542,3027,0,526,1,Bones,,39_47
2545,3031,0,526,1,Bones,,39_47
2548,3044,0,526,1,Bones,,39_47
2549,3043,0,526,1,Bones,,39_47
2551,3042,0,526,1,Bones,,39_47
2547,3114,0,33,1,Lit candle,Yanille Watchtower,39_48
2510,3090,0,247,1,Jangerberries,Yanille Grew island,39_48
2512,3080,0,247,1,Jangerberries,Yanille Grew island,39_48
2516,3086,0,247,1,Jangerberries,Yanille Grew island,39_48
2517,3082,0,247,1,Jangerberries,Yanille Grew island,39_48
2503,3118,0,526,1,Bones,,39_48
2505,3114,0,526,1,Bones,,39_48
2507,3116,0,526,1,Bones,,39_48
2508,3086,0,526,1,Bones,,39_48
2509,3084,0,526,1,Bones,,39_48
2510,3088,0,526,1,Bones,,39_48
2510,3080,0,526,1,Bones,,39_48
2511,3114,0,526,1,Bones,,39_48
2513,3085,0,526,1,Bones,,39_48
2516,3084,0,526,1,Bones,,39_48
2540,3249,0,1137,1,Iron med helm,Ardougne Battlefield,39_50
2543,3288,0,946,1,Knife,West Ardougne,39_51
2543,3287,0,1755,1,Chisel,West Ardougne office east of the church,39_51
2517,3378,0,1917,1,Beer,Combat Training Camp,39_52
2521,3379,0,1917,1,Beer,Combat Training Camp,39_52
2525,3365,0,1917,1,Beer,Combat Training Camp,39_52
2535,3333,0,1984,1,Rotten apple,West Ardougne,39_52
2549,3332,0,1984,1,Rotten apple,West Ardougne,39_52
2550,3575,0,960,1,Plank,Barbarian Outpost,39_55
2553,3576,0,960,1,Plank,Barbarian Outpost,39_55
2554,3575,0,960,1,Plank,Barbarian Outpost,39_55
2556,3573,0,960,1,Plank,Barbarian Outpost,39_55
2617,9446,0,526,1,Bones,,40_147
2617,9440,0,526,1,Bones,,40_147
2616,9443,0,526,1,Bones,,40_147
2615,9442,0,526,1,Bones,,40_147
2613,9441,0,526,1,Bones,,40_147
2615,9438,0,526,1,Bones,,40_147
2617,9437,0,2397,1,Shaman robe,,40_147
2620,9418,0,526,1,Bones,,40_147
2619,9418,0,526,1,Bones,,40_147
2618,9420,0,526,1,Bones,,40_147
2618,9417,0,526,1,Bones,,40_147
2618,9416,0,526,1,Bones,,40_147
2617,9416,0,526,1,Bones,,40_147
2615,9415,0,526,1,Bones,,40_147
2614,9417,0,526,1,Bones,,40_147
2563,9511,0,347,1,Herring,Yanille agility dungeon,40_148
2615,9571,0,1523,1,Lockpick,Yanille Agility Dungeon,40_149
2577,9655,0,20,1,Cog,White Ardougne Clock tower dungeon,40_150
2613,9639,0,21,1,Cog,Black Ardougne Clock tower dungeon,40_150
2574,9633,0,22,1,Cog,Blue Ardougne Clock tower dungeon,40_150
2583,9613,0,23,1,Cog,Red Ardougne Clock tower dungeon,40_150
2564,9662,0,24,1,Rat poison,Clock tower dungeon,40_150
2570,9604,0,90,1,Child's blanket,Ardougne Clock tower dungeon,40_150
2564,9670,0,2309,1,Bread,Ardougne Carnillean basement,40_151
2580,9732,0,526,1,Bones,,40_152
2580,9741,0,526,1,Bones,,40_152
2584,9732,0,526,1,Bones,,40_152
2584,9743,0,526,1,Bones,,40_152
2586,9732,0,526,1,Bones,,40_152
2589,9731,0,526,1,Bones,,40_152
2590,9731,0,526,1,Bones,,40_152
2590,9736,0,526,1,Bones,,40_152
2592,9740,0,526,1,Bones,,40_152
2569,9897,0,298,1,A key,Waterfall dungeon,40_154
2560,2971,0,1573,1,Doogle leaves,Feldip Hills,40_46
2562,2973,0,1573,1,Doogle leaves,Feldip Hills,40_46
2563,2971,0,1573,1,Doogle leaves,Feldip Hills,40_46
2565,2972,0,1573,1,Doogle leaves,Feldip Hills,40_46
2584,2966,0,1982,1,Tomato,Felbid hills,40_46
2607,2964,0,526,1,Bones,,40_46
2603,2968,0,526,1,Bones,,40_46
2603,2964,0,526,1,Bones,,40_46
2601,2959,0,526,1,Bones,,40_46
2573,3056,0,687,1,Broken arrow,Yanille,40_47
2576,3051,0,687,1,Broken arrow,Yanille,40_47
2571,3026,0,954,1,Rope,Gu'Tanoth Toban's island,40_47
2577,3029,0,526,1,Bones,,40_47
2571,3030,0,526,1,Bones,,40_47
2574,3035,0,526,1,Bones,,40_47
2571,3036,0,526,1,Bones,,40_47
2587,3090,2,229,1,Vial,Yanille Magic guild,40_48
2588,3090,2,229,1,Vial,Yanille Magic guild,40_48
2568,3102,0,1937,1,Jug of water,Yanille Frenita's Cookery Shop,40_48
2598,3211,0,33,1,Lit candle,Ardougne Monastery,40_50
2563,3261,0,1773,1,Purple dye,Ardougne near Clock tower,40_50
2616,3255,0,1925,1,Bucket,Ardougne Brother Cedric,40_50
2618,3323,0,424,1,Pigeon cage,Ardougne,40_51
2618,3324,0,424,1,Pigeon cage,Ardougne,40_51
2618,3325,0,424,1,Pigeon cage,Ardougne,40_51
2572,3284,1,1327,1,Black scimitar,Ardougne Castle,40_51
2604,3357,0,278,1,Prod,Ardougne,40_52
2566,3330,0,952,1,Spade,Ardougne Edmond house,40_52
2576,3334,0,1510,1,Picture,Ardougne Edmon house,40_52
2564,3332,0,1925,1,Bucket,East Ardougne Edmond yard,40_52
2567,3444,2,0,1,Dwarf remains,Ardougne mear ore truck,40_53
2608,3397,0,301,1,Lobster pot,Ardougne Fishing guild,40_53
2605,3395,0,305,1,Big fishing net,Ardougne Fishing guild,40_53
2605,3396,0,311,1,Harpoon,Harpoon,40_53
2576,3462,0,2347,1,Hammer,Dwarf Cannon,40_54
2654,9767,0,88,1,Boots of lightness,Ardougne Temple of Ikov,41_152
2637,9819,0,83,1,Lever,Ardougne Temple of Ikov,41_153
2643,9853,0,687,1,Broken arrow,Ardougne Temple of Ikov,41_153
2644,9851,0,687,1,Broken arrow,Ardougne Temple of Ikov,41_153
2649,9854,0,687,1,Broken arrow,Ardougne Temple of Ikov,41_153
2670,9821,0,526,1,Bones,,41_153
2671,9831,0,526,1,Bones,,41_153
2672,9823,0,526,1,Bones,,41_153
2673,9822,0,526,1,Bones,,41_153
2673,9829,0,526,1,Bones,,41_153
2638,9906,0,84,1,Staff of armadyl,Ardougne Temple of Ikov,41_154
2628,9859,0,85,1,Shiny key,Ardougne Temple of Ikov,41_154
2633,9908,0,1925,1,Bucket,Ardougne Temple of Ikov,41_154
2639,2952,0,2128,1,Equa leaves,Felbid hills,41_46
2648,2963,0,2128,1,Equa leaves,Felbid hills,41_46
2649,2956,0,2128,1,Equa leaves,Felbid hills,41_46
2648,3156,0,960,1,Plank,Port Khazard,41_49
2651,3155,0,960,1,Plank,Port Khazard,41_49
2675,3299,0,1420,1,Iron mace,Ardougne,41_51
2683,3318,0,1755,1,Chisel,East Ardougne Wizard Cromperty's house,41_51
2684,3318,0,2347,1,Hammer,East Ardougne,41_51
2667,3387,0,1923,1,Bowl,,41_52
2672,3433,0,39,1,Bronze arrowtips,Ranging Guild,41_53
2657,3424,0,687,1,Broken arrow,Ranging Guild,41_53
2665,3424,0,687,1,Broken arrow,Ranging Guild,41_53
2668,3419,0,687,1,Broken arrow,Ranging Guild,41_53
2670,3424,0,687,1,Broken arrow,Ranging Guild,41_53
2670,3437,0,687,1,Broken arrow,Ranging Guild,41_53
2672,3421,0,687,1,Broken arrow,Ranging Guild,41_53
2673,3428,0,687,1,Broken arrow,Ranging Guild,41_53
2676,3431,0,687,1,Broken arrow,Ranging Guild,41_53
2677,3422,0,687,1,Broken arrow,Ranging Guild,41_53
2677,3425,0,687,1,Broken arrow,Ranging Guild,41_53
2667,3425,2,687,1,Broken arrow,Ranging Guild towers,41_53
2667,3427,2,687,1,Broken arrow,Ranging Guild towers,41_53
2669,3431,2,687,1,Broken arrow,Ranging Guild towers,41_53
2679,3425,0,697,1,Damaged armour,Ranging Guild,41_53
2678,3427,0,839,1,Longbow,Ranging Guild,41_53
2680,3424,0,882,1,Bronze arrow,Ranging Guild,41_53
2678,3426,0,882,1,Bronze arrow,Ranging Guild,41_53
2681,3426,0,888,1,Mithril arrow,Ranging Guild,41_53
2652,3454,0,1785,1,Glassblowing pipe,,41_53
2638,3479,0,2126,1,Dwellberries,Camelot/seer's McGrubor's Wood,41_54
2664,3476,0,2126,1,Dwellberries,Camelot/seer's McGrubor's Wood,41_54
2633,3496,0,2126,1,Dwellberries,Camelot/seer's McGrubor's Wood,41_54
2645,3498,0,2126,1,Dwellberries,Camelot/seer's McGrubor's Wood,41_54
2667,3494,0,2126,1,Dwellberries,Camelot/seer's McGrubor's Wood,41_54
2626,4722,0,16,1,Magic whistle,,41_73
2627,4728,0,16,1,Magic whistle,,41_73
2637,4692,0,16,1,Magic whistle,,41_73
2649,4684,2,19,1,Holy grail,,41_73
2715,9819,0,995,1,Coins,King Black Dragon lair,42_153
2716,9816,0,995,1,Coins,King Black Dragon lair,42_153
2717,9821,0,995,2,Coins,King Black Dragon lair,42_153
2718,9822,0,995,1,Coins,King Black Dragon lair,42_153
2720,9815,0,995,1,Coins,King Black Dragon lair,42_153
2721,9816,0,995,1,Coins,King Black Dragon lair,42_153
2721,9818,0,995,3,Coins,King Black Dragon lair,42_153
2721,9819,0,995,1,Coins,King Black Dragon lair,42_153
2721,9821,0,995,7,Coins,King Black Dragon lair,42_153
2718,9816,0,1623,1,uncut sapphire,King black dragon lair,42_153
2715,9820,0,1635,1,gold ring,King black dragon lair,42_153
2732,3224,0,444,1,Gold ore,Karamja Brimhaven mine,42_50
2691,3218,0,1895,1,Slice of Cake,Karamja Moss Giant Island,42_50
2691,3203,0,1895,1,Slice of Cake,Karamja Moss Giant Island,42_50
2724,3367,0,970,1,Papyrus,Legends' Guild,42_52
2700,3407,0,946,1,Knife,Camelot Sorcerer's Tower,42_53
2704,3475,0,946,1,Knife,Camelot Seers' Village,42_54
2747,3579,0,1812,1,Pungent pot,Camelot Sinclair Mansion,42_55
2746,3578,0,1813,1,Criminal's dagger,,42_55
2755,2952,0,401,1,Seaweed,Karamja,43_46
2757,2947,0,401,1,Seaweed,Karamja,43_46
2762,3001,0,401,1,Seaweed,Karamja,43_46
2771,2995,0,401,1,Seaweed,Karamja,43_46
2782,2987,0,401,1,Seaweed,Karamja,43_46
2786,2960,0,401,1,Seaweed,Karamja,43_46
2755,3017,0,401,1,Seaweed,Karamja,43_47
2755,3049,0,401,1,Seaweed,Karamja,43_47
2755,3071,0,401,1,Seaweed,Karamja,43_47
2756,3008,0,401,1,Seaweed,Karamja,43_47
2753,3119,0,401,1,Seaweed,Karamja,43_48
2756,3075,0,401,1,Seaweed,Karamja,43_48
2756,3125,0,401,1,Seaweed,Karamja,43_48
2757,3109,0,401,1,Seaweed,Karamja,43_48
2807,3129,0,401,1,Seaweed,Karamja,43_48
2765,3198,0,995,2,Coins,Brimhaven,43_49
2767,3197,0,995,5,Coins,Brimhaven,43_49
2767,3199,0,995,2,Coins,Brimhaven,43_49
2768,3198,0,995,4,Coins,Brimhaven,43_49
2772,3197,0,995,5,Coins,Brimhaven,43_49
2795,3161,0,1351,1,Bronze axe,Brimhaven Dead Man's Chest,43_49
2796,3165,0,1917,1,Beer,Karamja Brimhaven Dead Man's Chest,43_49
2799,3156,0,1917,1,Beer,Karamja Brimhaven Dead Man's Chest,43_49
2794,3165,0,1919,1,Beer glass,Karamja Brimhaven Dead Man's Chest,43_49
2795,3160,0,1919,1,Beer glass,Karamja Brimhaven Dead Man's Chest,43_49
2795,3165,0,1919,1,Beer glass,Karamja Brimhaven Dead Man's Chest,43_49
2798,3156,0,1919,1,Beer glass,Karamja Brimhaven Dead Man's Chest,43_49
2798,3160,0,1919,1,Beer glass,Karamja Brimhaven Dead Man's Chest,43_49
2798,3161,0,1919,1,Beer glass,Karamja Brimhaven Dead Man's Chest,43_49
2799,3155,0,1919,1,Beer glass,Karamja Brimhaven Dead Man's Chest,43_49
2784,3289,0,1467,1,Damp sticks,Ardougne Fishing Platform,43_51
2765,3278,0,1469,1,Broken glass,Ardougne Fishing Platform,43_51
2765,3289,0,1469,1,Broken glass,Ardougne Fishing Platform,43_51
2808,3343,0,229,1,Vial,Entrana,43_52
2809,3342,0,229,1,Vial,Entrana,43_52
2803,3382,0,401,1,Seaweed,Entrana,43_52
2804,3380,0,401,1,Seaweed,Entrana,43_52
2804,3385,0,401,1,Seaweed,Entrana,43_52
2805,3381,0,401,1,Seaweed,Entrana,43_52
2805,3384,0,401,1,Seaweed,Entrana,43_52
2807,3384,0,401,1,Seaweed,Entrana,43_52
2807,3386,0,401,1,Seaweed,Entrana,43_52
2809,3385,0,401,1,Seaweed,Entrana,43_52
2809,3388,0,401,1,Seaweed,Entrana,43_52
2810,3387,0,401,1,Seaweed,Entrana,43_52
2807,3450,0,28,1,Insect repellent,Camelot Catherby,43_53
2766,3441,0,1925,1,Bucket,Camelot Beehive farm,43_53
2806,3449,1,1993,1,Jug of wine,Catherby,43_53
2768,3500,1,554,2,Fire rune,Camelot castle,43_54
2832,9586,0,223,1,Red spiders' eggs,Karamja Elvarg lair,44_149
2830,9565,0,526,1,Bones,Karamja Underground,44_149
2829,9564,0,526,1,Bones,Karamja Underground,44_149
2842,9552,0,554,1,Fire rune,Karamja Elvarg lair,44_149
2836,9566,0,554,1,Fire rune,Karamja Elvarg lair,44_149
2843,9560,0,554,1,Fire rune,Karamja Elvarg lair,44_149
2838,9552,0,554,1,Fire rune,Karamja Elvarg lair,44_149
2833,9561,0,554,1,Fire rune,Karamja Elvarg lair,44_149
2856,9645,0,995,1,Coins,Karamja Elvarg lair,44_150
2863,9632,0,995,1,Coins,Karamja Elvarg lair,44_150
2863,9629,0,995,1,Coins,Karamja Elvarg lair,44_150
2860,9643,0,995,1,Coins,Karamja Elvarg lair,44_150
2861,9628,0,995,1,Coins,Karamja Elvarg lair,44_150
2829,9764,0,526,1,Bones,Lost City quest cave,44_152
2831,9766,0,526,1,Bones,Lost City quest cave,44_152
2857,9751,0,526,1,Bones,Lost City quest cave,44_152
2857,9746,0,526,1,Bones,Lost City quest cave,44_152
2859,9746,0,526,1,Bones,Lost City quest cave,44_152
2863,9875,0,1913,1,Dwarven stout,Camelot Wolf mountain shortcut,44_154
2870,9878,0,1913,1,Dwarven stout,Camelot Wolf mountain shortcut,44_154
2861,9878,0,1913,1,Dwarven stout,Camelot Wolf mountain shortcut,44_154
2840,2974,0,401,1,Seaweed,Karamja,44_46
2854,2977,0,401,1,Seaweed,Karamja,44_46
2866,2976,0,401,1,Seaweed,Karamja,44_46
2864,3195,0,401,1,Seaweed,Karamja,44_49
2847,3232,0,960,1,Plank,Crandor crashed ship,44_50
2847,3238,0,960,1,Plank,Crandor crashed ship,44_50
2851,3239,0,960,1,Plank,Crandor crashed ship,44_50
2856,3231,0,960,1,Plank,Crandor crashed ship,44_50
2856,3236,0,960,1,Plank,Crandor crashed ship,44_50
2860,3335,0,307,1,Fishing rod,Entrana,44_52
2846,3384,0,960,1,Plank,Entrana,44_52
2848,3383,0,960,1,Plank,Entrana,44_52
2822,3355,0,1785,1,Glassblowing pipe,,44_52
2816,3351,1,1923,1,Bowl,Entrana,44_52
2851,3372,0,1944,1,Egg,Entrana,44_52
2852,3369,0,1944,1,Egg,Entrana,44_52
2853,3370,0,1944,1,Egg,Entrana,44_52
2843,3369,0,1971,1,Kebab,Entrana,44_52
2820,3453,0,357,1,Burnt fish,Catherby,44_53
2820,3450,0,946,1,Knife,Camelot Catherby,44_53
2820,3452,0,1929,1,Bucket of water,Catherby,44_53
2823,3449,0,1929,1,Bucket of water,Catherby,44_53
2915,9503,0,617,1,Coins,Karamja Rashiliyia's Tomb (shilo village),45_148
2900,9766,0,1590,1,Dusty key,Taverly Members dungeon,45_152
2904,9826,0,526,1,Bones,Taverly Members dungeon,45_153
2906,9825,0,526,1,Bones,Taverly Members dungeon,45_153
2906,9823,0,526,1,Bones,Taverly Members dungeon,45_153
2907,9824,0,526,1,Bones,Taverly Members dungeon,45_153
2908,9794,0,526,1,Bones,Taverly Members dungeon,45_153
2910,9797,0,526,1,Bones,Taverly Members dungeon,45_153
2914,9796,0,526,1,Bones,Taverly Members dungeon,45_153
2917,9796,0,526,1,Bones,Taverly Members dungeon,45_153
2910,9825,0,526,1,Bones,Taverly Members dungeon,45_153
2924,9801,0,526,1,Bones,Taverly Members dungeon,45_153
2924,9804,0,526,1,Bones,Taverly Members dungeon,45_153
2926,9801,0,526,1,Bones,Taverly Members dungeon,45_153
2927,9805,0,526,1,Bones,Taverly Members dungeon,45_153
2929,9807,0,526,1,Bones,Taverly Members dungeon,45_153
2930,9794,0,526,1,Bones,Taverly Members dungeon,45_153
2932,9792,0,526,1,Bones,Taverly Members dungeon,45_153
2935,9799,0,526,1,Bones,Taverly Members dungeon,45_153
2938,9792,0,526,1,Bones,Taverly Members dungeon,45_153
2938,9796,0,526,1,Bones,Taverly Members dungeon,45_153
2902,9806,0,243,1,Blue dragon scale,Taverly Members dungeon,45_153
2905,9801,0,243,1,Blue dragon scale,Taverly Members dungeon,45_153
2906,9796,0,243,1,Blue dragon scale,Taverly Members dungeon,45_153
2908,9805,0,243,1,Blue dragon scale,Taverly Members dungeon,45_153
2910,9809,0,243,1,Blue dragon scale,Taverly Members dungeon,45_153
2907,9807,0,995,5,Coins,Taverley Dungeon,45_153
2909,9800,0,995,1,Coins,Taverley Dungeon,45_153
2910,9803,0,995,8,Coins,Taverley Dungeon,45_153
2912,9801,0,995,4,Coins,Taverley Dungeon,45_153
2913,9806,0,995,6,Coins,Taverley Dungeon,45_153
2914,9849,0,995,1,Coins,Taverley Dungeon,45_153
2917,9850,0,995,1,Coins,Taverley Dungeon,45_153
2922,9819,0,995,1,Coins,Taverley Dungeon,45_153
2934,9834,0,995,1,Coins,Taverley Dungeon,45_153
2896,3119,0,401,1,Seaweed,Karamja,45_48
2913,3111,0,401,1,Seaweed,Karamja,45_48
2926,3110,0,401,1,Seaweed,Karamja,45_48
2939,3073,0,401,1,Seaweed,Karamja,45_48
2940,3102,0,401,1,Seaweed,Karamja,45_48
2938,3158,0,556,1,Air rune,Musa Point east to banana platform,45_49
2903,3148,0,946,1,Knife,Karamja Musa Point General Store,45_49
2904,3152,0,954,1,Rope,Karamja Musa Point General Store,45_49
2905,3146,0,1935,1,Jug,Karamja Musa Point General Store,45_49
2907,3146,0,1963,1,Banana,Karamja musa point,45_49
2906,3297,0,231,1,Snape grass,Rimmington Crafting guild,45_51
2907,3295,0,231,1,Snape grass,Rimmington Crafting guild,45_51
2917,3274,0,231,1,Snape grass,Rimmington Crafting guild,45_51
2935,3283,1,1592,1,Ring mould,Crafting Guild,45_51
2928,3290,0,1595,1,Amulet mould,Crafting Guild,45_51
2932,3287,1,1597,1,Necklace mould,Crafting Guild,45_51
2931,3287,1,1599,1,Holy mould,Crafting Guild,45_51
2930,3285,1,1735,1,Shears,Crafting Guild,45_51
2935,3286,0,1755,1,Chisel,Crafting Guild,45_51
2936,3292,0,1935,1,Jug,Crafting Guild,45_51
2934,3286,0,2347,1,Hammer,Falador Crafting Guild,45_51
2914,3439,1,841,1,Shortbow,Taverley,45_53
2903,3441,0,1978,1,Cup of tea,Taverley,45_53
2886,3412,0,1978,1,Cup of tea,Taverley,45_53
2903,3400,0,2150,1,Swamp toad,Taverley,45_53
2908,3410,0,2150,1,Swamp toad,Taverley,45_53
2907,3394,0,2150,1,Swamp toad,Taverley,45_53
2896,3414,0,2162,1,King worm,Taverley,45_53
2930,3515,0,245,1,Wine of zamorak,Taverly Members dungeon,45_54
2633,3475,1,2409,1,Door key,Taverly Members dungeon,45_54
2935,3460,0,2407,1,Ball,Taverly,45_54
2903,3471,0,2408,1,Diary,Taverly,45_54
2988,9584,0,995,1,Coins,Rimmington Ice Dungeon,46_149
2987,9583,0,995,1,Coins,Rimmington Ice Dungeon,46_149
2988,9582,0,995,1,Coins,Rimmington Ice Dungeon,46_149
2966,9772,0,526,1,Bones,Taverly Members dungeon,46_152
2968,9771,0,526,1,Bones,Taverly Members dungeon,46_152
2985,9817,0,1103,1,Bronze chainbody,Dwarven mine,46_153
2993,9847,0,2313,1,Pie dish,Dwarven mine,46_153
3001,9798,0,995,1,Coins,Dwarven mine,46_153
3003,9801,0,995,1,Coins,Dwarven mine,46_153
2969,2689,0,526,1,Bones,Wilderness Ruins West,46_42
2952,2951,0,401,1,Seaweed,Karamja,46_46
2960,2959,0,401,1,Seaweed,Karamja,46_46
2972,2972,0,2028,1,Blurberry special,Karamja,46_46
2947,3067,0,401,1,Seaweed,Karamja,46_47
2955,3010,0,401,1,Seaweed,Karamja,46_47
2975,3013,0,401,1,Seaweed,Karamja,46_47
2954,3060,0,2347,1,Hammer,Karamja Ship Yard,46_47
2963,3058,0,2347,1,Hammer,Karamja Ship Yard,46_47
2986,3048,0,2347,1,Hammer,Karamja Ship Yard,46_47
2989,3061,0,2347,1,Hammer,Karamja Ship Yard,46_47
2959,3205,0,882,1,Bronze arrow,Rimmington,46_50
2963,3216,0,1265,1,Bronze pickaxe,Rimmington,46_50
2963,3212,1,1321,1,Bronze scimitar,Rimmington,46_50
2955,3202,0,1511,1,Logs,Rimmington,46_50
2956,3203,0,1511,1,Logs,Rimmington,46_50
2944,3332,0,882,2,Bronze arrow,Falador,46_52
2981,3369,0,952,1,Spade,Falador,46_52
2970,3376,1,1351,1,Bronze axe,Falador,46_52
2975,3381,1,2140,1,Cooked chicken,Falador,46_52
2975,3368,1,2347,1,Hammer,Falador,46_52
2958,3510,0,1925,1,Bucket,Goblin Village,46_54
2977,3529,0,964,1,Skull,Wilderness Near Goblin Village,46_55
2978,3531,0,964,1,Skull,Wilderness Near Goblin Village,46_55
3000,3699,0,303,1,Small fishing net,Wilderness West ruins,46_57
2988,3683,0,313,1,Fishing bait,Wilderness West ruins,46_57
2998,3705,0,313,1,Fishing bait,Wilderness West ruins,46_57
2999,3702,0,526,1,Bones,Wilderness Ruins West,46_57
2962,3697,0,526,1,Bones,Wilderness Ruins West,46_57
2955,3700,0,966,1,Tile,Wilderness West ruins,46_57
2956,3702,0,966,1,Tile,Wilderness West ruins,46_57
2957,3697,0,966,1,Tile,Wilderness West ruins,46_57
2959,3697,0,966,1,Tile,Wilderness West ruins,46_57
2963,3706,0,966,1,Tile,Wilderness West ruins,46_57
2976,3682,0,966,1,Tile,Wilderness West ruins,46_57
2978,3704,0,966,1,Tile,Wilderness West ruins,46_57
2987,3684,0,966,1,Tile,Wilderness West ruins,46_57
2983,3697,0,966,1,Tile,Wilderness West ruins,46_57
2993,3691,0,966,1,Tile,Wilderness West ruins,46_57
3002,3698,0,966,1,Tile,Wilderness West ruins,46_57
2990,3675,0,995,4,Coins,Wilderness west Ruins,46_57
2979,3675,0,995,5,Coins,Wilderness west Ruins,46_57
2985,3675,0,995,5,Coins,Wilderness west Ruins,46_57
2987,3686,0,1887,1,Cake tin,Wilderness west Ruins,46_57
2981,3691,0,1925,1,Bucket,Wilderness West ruins,46_57
2970,3705,0,1925,1,Bucket,Wilderness West ruins,46_57
2980,3764,0,526,1,Bones,Wilderness The Forgotten Cemetery,46_58
2978,3763,0,526,1,Bones,Wilderness The Forgotten Cemetery,46_58
2960,3899,0,555,5,Water rune,Wilderness Frozen Waste Plateau,46_60
2947,3898,0,564,3,Cosmic rune,Wilderness Frozen Waste Plateau,46_60
3026,10325,0,125,1,Attack potion(1),Wilderness Deep dungeon,47_161
3044,10313,0,199,1,Herb,Deep Wilderness Dungeon,47_161
3016,3244,1,877,1,Bolts,Port Sarim,47_50
3028,3259,1,877,1,Bolts,Port Sarim,47_50
3010,3208,0,1005,1,White apron,Port Sarim Wydin store,47_50
3026,3289,0,1925,1,Bucket,Falador farm,47_51
3020,3291,0,1925,1,Bucket,Falador farm,47_51
3016,3295,0,1944,1,Egg,Falador farm,47_51
3017,3295,0,1944,1,Egg,Falador farm,47_51
3009,3342,0,1265,1,Bronze pickaxe,Falador Mining Guild,47_52
3059,3488,1,542,1,Monk's robe,Edgeville Monastery,47_54
3059,3487,1,544,1,Monk's robe,(Monkâ€™s robe top) Edgeville Monastery,47_54
3026,3637,0,554,5,Fire rune,Wilderness Dark Warriors Fortress,47_56
3028,3637,0,555,5,Water rune,Wilderness Dark Warriors Fortress,47_56
3030,3637,0,556,5,Air rune,Wilderness Dark Warriors Fortress,47_56
3032,3637,0,557,5,Earth rune,Wilderness Dark Warriors Fortress,47_56
3023,3640,0,558,5,Mind rune,Wilderness Dark Warriors Fortress,47_56
3021,3637,0,559,5,Body rune,Wilderness Dark Warriors' Fortress,47_56
3021,3640,0,562,5,Chaos rune,Wilderness Dark Warriors Fortress,47_56
3039,3706,0,1982,1,Tomato,Wilderness Bandit camp,47_57
3039,3707,0,1985,1,Cheese,Wilderness Bandit camp,47_57
3069,3831,0,1153,1,Iron full helm,Wilderness lava maze,47_59
3065,3864,0,1654,1,Gold necklace,Wilderness Lava Maze,47_60
3042,3952,0,2333,1,Half a redberry pie,Wilderness Pirates' Hideout,47_61
3120,9567,0,553,1,Skull,Draynor Wizard tower (quest),48_149
3092,9755,0,277,1,Oil can,Draynor manor,48_152
3077,9778,0,1139,1,Bronze med helm,Draynor Manor,48_152
3110,9825,0,526,1,Bones,Edgeville Dungeon,48_153
3109,9823,0,526,1,Bones,Edgeville Dungeon,48_153
3107,9823,0,526,1,Bones,Edgeville Dungeon,48_153
3101,9825,0,526,1,Bones,Edgeville Dungeon,48_153
3094,9906,0,526,1,Bones,Edgeville Dungeon,48_154
3097,9901,0,526,1,Bones,Edgeville Dungeon,48_154
3098,9886,0,526,1,Bones,Edgeville Dungeon,48_154
3093,9879,0,526,1,Bones,Edgeville Dungeon,48_154
3093,9884,0,526,1,Bones,Edgeville Dungeon,48_154
3120,9894,0,526,1,Bones,Edgeville Dungeon,48_154
3122,9891,0,526,1,Bones,Edgeville Dungeon,48_154
3119,9894,0,526,1,Bones,Edgeville Dungeon,48_154
3116,9891,0,526,1,Bones,Edgeville Dungeon,48_154
3130,9903,0,882,3,Bronze arrow,Edgeville Dungeon,48_154
3135,9916,0,882,1,Bronze arrow,Edgeville Dungeon,48_154
3131,9862,0,983,1,Brass key,Edgeville Dungeon,48_154
3088,9898,0,995,4,Coins,Edgeville Dungeon,48_154
3088,9899,0,995,1,Coins,Edgeville Dungeon,48_154
3091,9899,0,995,1,Coins,Edgeville Dungeon,48_154
3122,9881,0,1009,1,Brass necklace,Edgeville Dungeon,48_154
3117,9951,0,223,1,Red spiders' eggs,Edgeville dungeon,48_155
3118,9948,0,223,1,Red spiders' eggs,Edgeville dungeon,48_155
3119,9949,0,223,1,Red spiders' eggs,Edgeville dungeon,48_155
3126,9958,0,223,1,Red spiders' eggs,Edgeville dungeon,48_155
3128,9956,0,223,1,Red spiders' eggs,Edgeville dungeon,48_155
3129,9954,0,223,1,Red spiders' eggs,Edgeville dungeon,48_155
3125,9997,0,41,1,Steel arrowtips,Edgeville dungeon,48_156
3111,3159,0,1061,1,Leather boots,Wizards' Tower,48_49
3112,3155,1,1061,1,Leather boots,Wizards' Tower,48_49
3105,3159,0,1511,1,Logs,Wizard tower,48_49
3106,3159,0,1511,1,Logs,Wizard tower,48_49
3106,3160,0,1511,1,Logs,Wizard tower,48_49
3087,3261,0,1982,1,Tomato,Draynor Aggie,48_50
3084,3261,0,1985,1,Cheese,Draynor Aggie,48_50
3089,3265,0,1511,1,Logs,Draynor village,48_51
3089,3266,0,1511,1,Logs,Draynor village,48_51
3108,3356,1,272,1,Fish food,Draynor manor,48_52
3097,3366,0,273,1,Poison,Draynor manor,48_52
3111,3367,0,276,1,Rubber tube,Draynor manor,48_52
3112,3369,2,590,1,Tinderbox,Draynor manor,48_52
3120,3359,0,952,1,Spade,Draynor Manor,48_52
3122,3360,0,1139,1,Bronze med helm,Draynor Manor,48_52
3126,3356,0,1735,1,Shears,Draynor Manor,48_52
3121,3359,0,1925,1,Bucket,Draynor Manor,48_52
3081,3429,0,1265,1,Bronze pickaxe,Barbarian Village,48_53
3077,3443,0,1917,1,Beer,Barbarian Village,48_53
3077,3439,0,1917,1,Beer,Barbarian Village,48_53
3080,3441,0,1917,1,Beer,Barbarian Village,48_53
3074,3431,0,1931,1,Pot,Barbarian village helmet shop,48_53
3077,3441,0,2142,1,Cooked meat,Barbarian Village,48_53
3080,3443,0,2142,1,Cooked meat,Barbarian Village,48_53
3097,3486,0,1059,1,Leather gloves,Edgeville,48_54
3111,3517,0,1420,1,Iron mace,Edgeville,48_54
3097,3578,0,995,4,Coins,Wilderness north of Edgeville,48_55
3098,3564,0,995,2,Coins,Wilderness north of Edgeville,48_55
3099,3557,0,995,2,Coins,Wilderness north of Edgeville,48_55
3099,3572,0,995,3,Coins,Wilderness north of Edgeville,48_55
3103,3548,0,995,2,Coins,Wilderness north of Edgeville,48_55
3108,3534,0,995,2,Coins,Wilderness north of Edgeville,48_55
3098,3596,0,882,1,Bronze arrow,Wilderness Hero Memorial,48_56
3098,3600,0,882,2,Bronze arrow,Wilderness Hero Memorial,48_56
3101,3592,0,882,2,Bronze arrow,Wilderness Hero Memorial,48_56
3101,3606,0,882,2,Bronze arrow,Wilderness Hero Memorial,48_56
3103,3596,0,882,2,Bronze arrow,Wilderness Hero Memorial,48_56
3103,3600,0,882,2,Bronze arrow,Wilderness Hero Memorial,48_56
3105,3607,0,882,2,Bronze arrow,Wilderness Hero Memorial,48_56
3109,3604,0,882,2,Bronze arrow,Wilderness Hero Memorial,48_56
3110,3611,0,882,1,Bronze arrow,Wilderness Hero Memorial,48_56
3117,3696,0,526,1,Bones,Wilderness Battle plain,48_57
3112,3695,0,526,1,Bones,Wilderness Battle plain,48_57
3103,3688,0,526,1,Bones,Wilderness Battle plain,48_57
3112,3686,0,526,1,Bones,Wilderness Battle plain,48_57
3097,3695,0,877,1,Bolts,Wilderness Battle plain,48_57
3099,3684,0,877,1,Bolts,Wilderness Battle plain,48_57
3099,3688,0,877,1,Bolts,Wilderness Battle plain,48_57
3101,3702,0,877,1,Bolts,Wilderness Battle plain,48_57
3105,3679,0,877,1,Bolts,Wilderness Battle plain,48_57
3105,3694,0,877,1,Bolts,Wilderness Battle plain,48_57
3109,3691,0,877,1,Bolts,Wilderness Battle plain,48_57
3109,3697,0,877,1,Bolts,Wilderness Battle plain,48_57
3112,3682,0,877,1,Bolts,Wilderness Battle plain,48_57
3114,3690,0,877,1,Bolts,Wilderness Battle plain,48_57
3116,3701,0,877,1,Bolts,Wilderness Battle plain,48_57
3111,3657,0,2351,1,Iron bar,Wilderness near graveyard,48_57
3091,3865,0,559,15,Body rune,Wilderness Lava maze,48_60
3076,3845,0,995,21,Coins,Wilderness Lava Maze,48_60
3108,3859,0,995,25,Coins,Wilderness Lava Maze,48_60
3085,3859,0,1119,1,Steel platebody,Wilderness Lava maze,48_60
3100,3862,0,1385,1,Staff of earth,Wilderness Lava maze,48_60
3165,9581,0,1925,1,Bucket,Zanaris,49_149
3152,9560,0,1973,1,Chocolate bar,Zanaris,49_149
3195,9821,0,444,1,Gold ore,Varrock West bank basement,49_153
3188,9820,0,995,42,Coins,Varrock west bank basemen,49_153
3188,9819,0,995,26,Coins,Varrock west bank basemen,49_153
3189,9819,0,995,35,Coins,Varrock west bank basemen,49_153
3190,9819,0,995,56,Coins,Varrock west bank basemen,49_153
3191,9821,0,995,66,Coins,Varrock west bank basemen,49_153
3195,9820,0,995,4,Coins,Varrock west bank basemen,49_153
3195,9834,0,995,3,Coins,Varrock west bank basemen,49_153
3191,9820,0,1009,1,Brass necklace,Varrock west bank basement,49_153
3196,9822,0,1641,1,Ruby ring,Varrock west bank basement,49_153
3192,9821,0,1654,1,Gold necklace,Varrock west bank basement,49_153
3192,9822,0,2357,1,Gold bar,Varrock West bank basement,49_153
3177,9880,0,223,1,Red spiders' eggs ,Varrock Sewers,49_154
3179,9881,0,223,1,Red spiders' eggs,Varrock Sewers,49_154
3138,9880,0,526,1,Bones,Edgeville Dungeon,49_154
3141,9879,0,526,1,Bones,Edgeville Dungeon,49_154
3142,9880,0,526,1,Bones,Edgeville Dungeon,49_154
3185,9888,0,557,6,Earth rune,Varrock Sewers,49_154
3167,9897,0,995,8,Coins,Varrock Sewers,49_154
3169,9880,0,995,5,Coins,Varrock Sewers,49_154
3173,9897,0,995,1,Coins,Varrock Sewers,49_154
3173,9881,0,995,7,Coins,Varrock Sewers,49_154
3162,9888,0,1349,1,Iron axe,Varrock Sewers,49_154
3181,3193,0,1939,1,Swamp tar,Lumbrdige swamp,49_49
3193,3181,0,1939,1,Swamp tar,Lumbrdige swamp,49_49
3179,3190,0,1939,1,Swamp tar,Lumbrdige swamp,49_49
3164,3187,0,1939,1,Swamp tar,Lumbrdige swamp,49_49
3171,3191,0,1939,1,Swamp tar,Lumbrdige swamp,49_49
3164,3169,0,1939,1,Swamp tar,Lumbrdige swamp,49_49
3164,3180,0,1939,1,Swamp tar,Lumbrdige swamp,49_49
3170,3167,0,1939,1,Swamp tar,Lumbrdige swamp,49_49
3171,3177,0,1939,1,Swamp tar,Lumbrdige swamp,49_49
3173,3166,0,1939,1,Swamp tar,Lumbrdige swamp,49_49
3173,3178,0,1939,1,Swamp tar,Lumbrdige swamp,49_49
3182,3165,0,1939,1,Swamp tar,Lumbrdige swamp,49_49
3183,3180,0,1939,1,Swamp tar,Lumbrdige swamp,49_49
3185,3161,0,1939,1,Swamp tar,Lumbrdige swamp,49_49
3189,3163,0,1939,1,Swamp tar,Lumbrdige swamp,49_49
3191,3162,0,1939,1,Swamp tar,Lumbrdige swamp,49_49
3194,3168,0,1939,1,Swamp tar,Lumbrdige swamp,49_49
3150,3247,0,556,1,Air rune,Lumbridge east of the jail,49_50
3148,3211,0,1931,1,Pot,Lumbridge Swamp adventure camp,49_50
3151,3399,0,1573,1,Doogle leaves,Varrock Gedrude's house,49_53
3152,3399,0,1573,1,Doogle leaves,Varrock Gedrude's house,49_53
3152,3401,0,1573,1,Doogle leaves,Varrock Gedrude's house,49_53
3156,3401,0,1573,1,Doogle leaves,Varrock Gedrude's house,49_53
3157,3400,0,1573,1,Doogle leaves,Varrock Gedrude's house,49_53
3141,3451,1,1887,1,Cake tin,Varrock Cooks' Guild,49_53
3140,3451,1,1923,1,Bowl,Varrock Cooks' Guild,49_53
3144,3449,2,1931,1,Pot,Varrock Cooks' Guild,49_53
3141,3448,2,1935,1,Jug,Varrock Cooks' Guild,49_53
3140,3448,1,1955,1,Cooking apple,Varrock cooking guild,49_53
3141,3448,1,1955,1,Cooking apple,Varrock cooking guild,49_53
3140,3448,2,1955,1,Cooking apple,Varrock cooking guild,49_53
3143,3452,0,1973,1,Chocolate bar,Varrock cooking guild,49_53
3144,3450,1,1987,1,Grapes,Varrock cooking guild,49_53
3142,3447,1,2313,1,Pie dish,Varrock Cooks' Guild,49_53
3195,3515,0,557,1,Earth rune,Varrock near wilderness border,49_54
3194,3495,0,559,2,Body rune,Varrock West to varrock castle yard,49_54
3174,3663,0,837,1,Crossbow,Wilderness Graveyard of Shadows,49_57
3148,3671,0,960,1,Plank,Wilderness Graveyard of Shadows,49_57
3154,3659,0,960,1,Plank,Wilderness Graveyard of Shadows,49_57
3154,3670,0,960,1,Plank,Wilderness Graveyard of Shadows,49_57
3171,3680,0,960,1,Plank,Wilderness Graveyard of Shadows,49_57
3182,3669,0,960,1,Plank,Wilderness Graveyard of Shadows,49_57
3149,3674,0,966,1,Tile,Wilderness Graveyard of Shadows,49_57
3165,3660,0,966,1,Tile,Wilderness Graveyard of Shadows,49_57
3174,3688,0,966,1,Tile,Wilderness Graveyard of Shadows,49_57
3184,3672,0,966,1,Tile,Wilderness Graveyard of Shadows,49_57
3178,3684,0,1137,1,Iron med helm,Wilderness Graveyard of Shadows,49_57
3156,3683,0,1203,1,Iron dagger,Wilderness Graveyard of Shadows,49_57
3158,3672,0,1207,1,Steel dagger,Wilderness Graveyard of Shadows,49_57
3165,3739,0,444,1,Gold ore,Wilderness Ruins Middle,49_58
3184,3728,0,526,1,Bones,Wilderness Ruins East,49_58
3182,3722,0,526,1,Bones,Wilderness Ruins East,49_58
3184,3733,0,1069,1,Steel platelegs,Wilderness Red spider ruins,49_58
3188,3839,0,229,1,Vial,Wilderness Red dragon isle,49_59
3137,3833,0,562,1,Chaos rune,Wilderness middle green area,49_59
3139,3814,0,562,1,Chaos rune,Wilderness middle green area,49_59
3144,3826,0,562,1,Chaos rune,Wilderness middle green area,49_59
3145,3814,0,562,1,Chaos rune,Wilderness middle green area,49_59
3149,3823,0,562,1,Chaos rune,Wilderness middle green area,49_59
3151,3831,0,562,1,Chaos rune,Wilderness middle green area,49_59
3180,3824,0,1217,1,Black dagger,Wilderness Red dragon Isle,49_59
3196,3849,0,229,1,Vial,Wilderness Red dragon isle,49_60
3143,3878,0,526,1,Bones,Edgeville Dungeon,49_60
3170,3885,1,1607,1,Sapphire,Wilderness Spider hill,49_60
3178,3852,0,528,1,Burnt Bones,Wilderness Lava Dragon Isle,49_60
3179,3850,0,528,1,Burnt Bones,Wilderness Lava Dragon Isle,49_60
3179,3853,0,528,1,Burnt Bones,Wilderness Lava Dragon Isle,49_60
3184,3856,0,528,1,Burnt Bones,Wilderness Lava Dragon Isle,49_60
3185,3850,0,528,1,Burnt Bones,Wilderness Lava Dragon Isle,49_60
3187,3856,0,528,1,Burnt Bones,Wilderness Lava Dragon Isle,49_60
3221,9596,0,1944,1,Egg,Zanaris,50_149
3210,9615,0,1061,1,Leather boots,Lumbridge Castle basement,50_150
3208,9620,0,1061,1,Leather boots,Lumbridge Castle basement,50_150
3216,9625,0,1925,1,Bucket,Lumbridge Castle basement,50_150
3217,9622,0,1965,1,Cabbage,Lumbridge Castle basement,50_150
3237,9761,0,1987,1,Grapes,Varrock phoenix gang hideout,50_152
3224,9910,0,558,1,Mind rune,Varrock Sewers,50_154
3226,9910,0,559,1,Body rune,Varrock Sewers,50_154
3233,3151,0,1059,1,Leather gloves,Lumbridge Swamp Father Urhney's house,50_49
3206,3208,0,558,1,Mind rune,Lumbridge Castle,50_50
3205,3227,0,882,1,Bronze arrow,Lumbridge Castle,50_50
3224,3202,0,946,1,Knife,Lumbridge behind Bob's Brilliant Axes,50_50
3248,3245,0,1203,1,Iron dagger,Lumbridge goblin house,50_50
3212,3218,1,1205,1,Bronze dagger,Lumbridge Castle,50_50
3229,3215,2,1265,1,Bronze pickaxe,Lumbridge Castle,50_50
3229,3223,2,1265,1,Bronze pickaxe,Lumbridge Castle,50_50
3205,3224,2,1511,1,Logs,Lumbridge castle roof,50_50
3205,3226,2,1511,1,Logs,Lumbridge castle roof,50_50
3208,3225,2,1511,1,Logs,Lumbridge castle roof,50_50
3209,3224,2,1511,1,Logs,Lumbridge castle roof,50_50
3210,3212,0,1931,1,Pot,Lumbridge Castle,50_50
3212,3212,0,1935,1,Jug,Lumbridge Castle kitchen,50_50
3228,3294,0,1925,1,Bucket,Lumbridge,50_51
3226,3301,0,1944,1,Egg,Lumbridge east farm,50_51
3229,3299,0,1944,1,Egg,Lumbridge east farm,50_51
3243,3383,1,767,1,Phoenix crossbow,Varrock,50_52
3245,3385,1,767,1,Phoenix crossbow,Varrock,50_52
3242,3385,1,1059,1,Leather gloves,Varrock Phoenix Gang weapon storage,50_52
3244,3386,1,1061,1,Leather boots,Varrock Phoenix Gang weapon storage,50_52
3242,3383,1,1203,1,Iron dagger ,Varrock Phoenix Gang weapon storage,50_52
3208,3395,1,33,1,Lit candle,Varrock Swordshop,50_53
3218,3418,1,946,1,Knife,Varrock General Store,50_53
3218,3412,1,952,1,Spade,Varrock General Store,50_53
3254,3453,0,1115,1,Iron platebody,Varrock museum,50_53
3244,3398,0,1129,1,Leather body,Varrock south west Aubury's Rune Shop,50_53
3254,3452,0,1153,1,Iron full helm,Varrock museum,50_53
3254,3451,0,1279,1,Iron sword,Varrock Museum,50_53
3243,3395,0,1511,1,Logs,Varrock South west runeshop,50_53
3243,3397,0,1511,1,Logs,Varrock South west runeshop,50_53
3232,3399,0,1931,1,Pot,Varrock bluemoon inn kitchen,50_53
3228,3504,0,995,3,Coins,Varrock Palace bear cage,50_54
3232,3500,0,995,4,Coins,Varrock Palace bear cage,50_54
3204,3515,0,1171,1,Wooden shield,Varrock near wilderness border,50_54
3221,3497,1,1925,1,Bucket,Varrock Palace,50_54
3222,3491,1,1925,1,Bucket,Varrock Palace,50_54
3222,3494,0,2313,1,Pie dish,Varrock castle,50_54
3223,3583,0,559,2,Body rune,Wilderness East Chaos temple,50_55
3229,3566,0,559,2,Body rune,Wilderness East Chaos temple,50_55
3232,3574,0,559,2,Body rune,Wilderness East Chaos temple,50_55
3234,3556,0,995,2,Coins,Wilderness south of the Chaos Temple,50_55
3244,3611,0,526,1,Bones,Wilderness Chaos Temple,50_56
3237,3611,0,526,1,Bones,Wilderness Chaos Temple,50_56
3239,3606,0,526,1,Bones,Wilderness Chaos Temple,50_56
3239,3604,0,526,1,Bones,Wilderness Chaos Temple,50_56
3238,3603,0,526,1,Bones,Wilderness Chaos Temple,50_56
3237,3604,0,526,1,Bones,Wilderness Chaos Temple,50_56
3236,3604,0,526,1,Bones,Wilderness Chaos Temple,50_56
3235,3605,0,526,1,Bones,Wilderness Chaos Temple,50_56
3234,3608,0,526,1,Bones,Wilderness Chaos Temple,50_56
3235,3603,0,526,1,Bones,Wilderness Chaos Temple,50_56
3233,3605,0,526,1,Bones,Wilderness Chaos Temple,50_56
3232,3605,0,526,1,Bones,Wilderness Chaos Temple,50_56
3246,3615,0,526,1,Bones,Wilderness Chaos Temple,50_56
3237,3603,0,526,1,Bones,Wilderness Chaos Temple,50_56
3235,3607,0,526,1,Bones,Wilderness Chaos Temple,50_56
3209,3740,0,526,1,Bones,Wilderness Bone Yard,50_58
3216,3741,0,526,1,Bones,Wilderness Bone Yard,50_58
3218,3739,0,526,1,Bones,Wilderness Bone Yard,50_58
3220,3738,0,526,1,Bones,Wilderness Bone Yard,50_58
3220,3741,0,526,1,Bones,Wilderness Bone Yard,50_58
3222,3744,0,526,1,Bones,Wilderness Bone Yard,50_58
3224,3746,0,526,1,Bones,Wilderness Bone Yard,50_58
3227,3742,0,526,1,Bones,Wilderness Bone Yard,50_58
3229,3747,0,526,1,Bones,Wilderness Bone Yard,50_58
3236,3749,0,526,1,Bones,Wilderness Bone Yard,50_58
3242,3741,0,526,1,Bones,Wilderness Bone Yard,50_58
3247,3743,0,526,1,Bones,Wilderness Bone Yard,50_58
3247,3740,0,526,1,Bones,Wilderness Bone Yard,50_58
3249,3744,0,526,1,Bones,Wilderness Bone Yard,50_58
3251,3749,0,526,1,Bones,Wilderness Bone Yard,50_58
3252,3738,0,526,1,Bones,Wilderness Bone Yard,50_58
3251,3736,0,526,1,Bones,Wilderness Bone Yard,50_58
3259,3735,0,526,1,Bones,Wilderness Bone Yard,50_58
3257,3743,0,526,1,Bones,Wilderness Bone Yard,50_58
3225,3740,0,526,1,Bones,Wilderness Bone Yard,50_58
3214,3733,0,532,1,Big Bones,Wilderness Bone Yard,50_58
3220,3746,0,532,1,Big Bones,Wilderness Bone Yard,50_58
3226,3745,0,532,1,Big Bones,Wilderness Bone Yard,50_58
3243,3742,0,532,1,Big Bones,Wilderness Bone Yard,50_58
3253,3736,0,532,1,Big Bones,Wilderness Bone Yard,50_58
3262,3735,0,532,1,Big Bones,Wilderness Bone Yard,50_58
3217,3745,0,964,1,Skull,Wilderness Bone Yard,50_58
3233,3740,0,964,1,Skull,Wilderness Bone Yard,50_58
3256,3744,0,964,1,Skull,Wilderness Bone Yard,50_58
3214,3730,0,1323,1,Iron scimitar,Wilderness Bone Yard,50_58
3214,3809,0,239,1,White berries,Wilderness Red dragon isle,50_59
3218,3812,0,239,1,White berries,Wilderness Red dragon isle,50_59
3221,3829,0,995,8,Coins,Wilderness Red Dragon Isle,50_59
3220,3826,0,995,6,Coins,Wilderness Red Dragon Isle,50_59
3247,3795,0,1191,1,Iron kiteshield,Wilderness Rocky plateau,50_59
3213,3821,0,528,1,Burnt Bones,Wilderness Lava Dragon Isle,50_59
3214,3820,0,528,1,Burnt Bones,Wilderness Lava Dragon Isle,50_59
3218,3818,0,528,1,Burnt Bones,Wilderness Lava Dragon Isle,50_59
3219,3816,0,528,1,Burnt Bones,Wilderness Lava Dragon Isle,50_59
3235,3950,0,53,3,Headless arrow,Wilderness check Stuck,50_61
3237,3949,0,53,2,Headless arrow,Wilderness check,50_61
3240,3940,0,53,3,Headless arrow,Wilderness check,50_61
3288,9431,0,1265,1,Bronze pickaxe,Desert Mining Camp,51_147
3288,9442,0,1265,1,Bronze pickaxe,Desert Mining Camp,51_147
3274,9870,0,995,1,Coins,Varrock Sewers,51_154
3290,3033,1,970,1,Papyrus,Desert Mining Camp,51_47
3286,3033,1,1917,1,Beer,Desert Mining Camp,51_47
3291,3034,1,1921,1,Bowl of water,,51_47
3291,3033,1,1993,1,Jug of wine,Desert mining camp,51_47
3290,3191,1,559,1,Body rune,Al-Kharid Zeke's Superior Scimitars,51_49
3302,3190,0,1061,1,Leather boots,Al-Kharid,51_49
3320,3137,0,1422,1,Bronze mace,Al Kharid Witch house,51_49
3307,3195,0,1925,1,Bucket,Al-Kharid,51_49
3302,3170,0,1937,1,Jug of water,Al-Khardi Palace,51_49
3285,3175,0,1965,1,Cabbage,Al-Kharid Palace,51_49
3304,3311,0,554,3,Fire rune,Al-Kharid mine,51_51
3298,3316,0,555,4,Water rune,Al-Kharid mine,51_51
3277,3370,0,753,1,Cadava berries,Varrock,51_52
3273,3375,0,753,1,Cadava berries,Varrock,51_52
3266,3361,0,753,1,Cadava berries,Varrock,51_52
3278,3374,0,1951,1,Redberries,Varrock,51_52
3267,3371,0,1951,1,Redberries,Varrock,51_52
3271,3366,0,1951,1,Redberries,Varrock,51_52
3272,3409,0,1935,1,Jug,Varrock tea stall,51_53
3271,3413,0,712,1,Cup of tea,Varrock,51_53
3302,3502,0,1511,1,Logs,Varrock Lumberyard,51_54
3303,3503,0,1511,1,Logs,Varrock Lumberyard,51_54
3310,3504,0,1511,1,Logs,Varrock Lumberyard,51_54
3298,3512,0,1511,1,Logs,Varrock Lumberyard,51_54
3300,3508,0,1511,1,Logs,Varrock Lumberyard,51_54
3301,3507,0,1511,1,Logs,Varrock Lumberyard,51_54
3302,3507,0,1511,1,Logs,Varrock Lumberyard,51_54
3302,3510,0,1511,1,Logs,Varrock Lumberyard,51_54
3310,3503,0,1511,1,Logs,Varrock Lumberyard,51_54
3271,3658,0,526,1,Bones,Wilderness north-east of Chaos Temple,51_57
3268,3670,0,526,1,Bones,Wilderness north-east of Chaos Temple,51_57
3273,3674,0,526,1,Bones,Wilderness north-east of Chaos Temple,51_57
3273,3660,0,526,1,Bones,Wilderness north-east of Chaos Temple,51_57
3279,3659,0,526,1,Bones,Wilderness north-east of Chaos Temple,51_57
3280,3658,0,526,1,Bones,Wilderness north-east of Chaos Temple,51_57
3281,3658,0,526,1,Bones,Wilderness north-east of Chaos Temple,51_57
3280,3657,0,526,1,Bones,Wilderness north-east of Chaos Temple,51_57
3278,3657,0,526,1,Bones,Wilderness north-east of Chaos Temple,51_57
3275,3664,0,960,1,Plank,Wilderness Deserted house Lava lakes,51_57
3291,3652,0,960,1,Plank,Wilderness Deserted house Lava lakes,51_57
3271,3656,0,966,1,Tile,Wilderness Deserted house Lava lakes,51_57
3278,3664,0,966,1,Tile,Wilderness Deserted house Lava lakes,51_57
3281,3663,0,966,1,Tile,Wilderness Deserted house Lava lakes,51_57
3289,3651,0,966,1,Tile,Wilderness Deserted house Lava lakes,51_57
3283,3658,0,1281,1,Steel sword,Wilderness Deserted house Lava lakes,51_57
3264,3728,0,526,1,Bones,Wilderness Bone Yard,51_58
3265,3732,0,526,1,Bones,Wilderness Bone Yard,51_58
3268,3730,0,526,1,Bones,Wilderness Bone Yard,51_58
3269,3728,0,526,1,Bones,Wilderness Bone Yard,51_58
3268,3736,0,526,1,Bones,Wilderness Bone Yard,51_58
3272,3730,0,526,1,Bones,Wilderness Bone Yard,51_58
3275,3729,0,526,1,Bones,Wilderness Bone Yard,51_58
3275,3727,0,526,1,Bones,Wilderness Bone Yard,51_58
3276,3726,0,526,1,Bones,Wilderness Bone Yard,51_58
3278,3725,0,526,1,Bones,Wilderness Bone Yard,51_58
3280,3726,0,526,1,Bones,Wilderness Bone Yard,51_58
3280,3724,0,526,1,Bones,Wilderness Bone Yard,51_58
3283,3728,0,558,6,Mind rune,Wilderness Bone Yard,51_58
3284,3719,0,837,1,Crossbow,Wilderness Bone Yard,51_58
3312,3769,0,1207,1,Steel dagger,Black knight outpost,51_58
3292,3762,0,1207,1,Steel dagger,Black knight outpost,51_58
3283,3819,0,565,1,Blood rune,Wilderness Poison Woods,51_59
3290,3806,0,565,1,Blood rune,Wilderness Poison Woods,51_59
3305,3816,0,565,1,Blood rune,Wilderness Poison Woods,51_59
3288,3891,0,528,1,Burnt Bones,Wilderness Demonic Ruins,51_60
3290,3890,0,528,1,Burnt Bones,Wilderness Demonic Ruins,51_60
3287,3887,0,528,1,Burnt Bones,Wilderness Demonic Ruins,51_60
3291,3888,0,528,1,Burnt Bones,Wilderness Demonic Ruins,51_60
3292,3887,0,528,1,Burnt Bones,Wilderness Demonic Ruins,51_60
3321,3892,0,528,1,Burnt Bones,Wilderness Demonic Ruins,51_60
3316,3888,0,528,1,Burnt Bones,Wilderness Demonic Ruins,51_60
3313,3890,0,528,1,Burnt Bones,Wilderness Demonic Ruins,51_60
3311,3853,0,561,3,Nature rune,Wilderness Nature rune island,51_60
3307,3859,0,561,4,Nature rune,Wilderness Nature rune island,51_60
3297,3890,0,565,1,Blood rune,Wilderness Demonic Ruins,51_60
3292,3933,0,444,1,Gold ore,Wilderness Rogues' Castle,51_61
3290,3928,0,444,1,Gold ore,Wilderness Rogues' Castle,51_61
3289,3926,0,444,1,Gold ore,Wilderness Rogues' Castle,51_61
3283,3936,3,444,1,Gold ore,Wilderness Rogues' Castle,51_61
3294,3935,1,1173,1,Bronze sq shield,Wilderness rogue castle,51_61
3279,3938,3,1203,1,Iron dagger,Wilderness Rogue's Castle,51_61
3374,9747,0,699,1,Stone tablet,Varrock digsite,52_152
3348,9755,0,708,1,Arcenia root,Varrock digsite dungeon after quest,52_152
3351,9760,0,708,1,Arcenia root,Varrock digsite dungeon after quest,52_152
3365,9765,0,708,1,Arcenia root,Varrock digsite dungeon after quest,52_152
3369,9771,0,708,1,Arcenia root,Varrock digsite dungeon after quest,52_152
3348,9754,0,1267,1,Iron pickaxe,Varrock Digsite Dungeon After quest,52_152
3349,9753,0,1267,1,Iron pickaxe,Varrock Digsite Dungeon After quest,52_152
3351,9752,0,1267,1,Iron pickaxe,Varrock Digsite Dungeon After quest,52_152
3355,9760,0,1925,1,Bucket,Varrock Digsite Dungeon After quest,52_152
3356,9755,0,1925,1,Bucket,Varrock Digsite Dungeon After quest,52_152
3358,9757,0,1925,1,Bucket,Varrock Digsite Dungeon After quest,52_152
3365,9750,0,526,1,Bones,Varrock Digsite Dungeon After quest,52_152
3367,9749,0,526,1,Bones,Varrock Digsite Dungeon After quest,52_152
3368,9751,0,526,1,Bones,Varrock Digsite Dungeon After quest,52_152
3369,9753,0,526,1,Bones,Varrock Digsite Dungeon After quest,52_152
3372,9753,0,526,1,Bones,Varrock Digsite Dungeon After quest,52_152
3376,9758,0,526,1,Bones,Varrock Digsite Dungeon After quest,52_152
3384,9753,0,526,1,Bones,Varrock Digsite Dungeon After quest,52_152
3384,9756,0,526,1,Bones,Varrock Digsite Dungeon After quest,52_152
3385,9749,0,526,1,Bones,Varrock Digsite Dungeon After quest,52_152
3385,9754,0,526,1,Bones,Varrock Digsite Dungeon After quest,52_152
3386,9748,0,526,1,Bones,Varrock Digsite Dungeon After quest,52_152
3374,9811,0,699,1,Stone tablet,Varrock digsite,52_153
3348,9819,0,708,1,Arcenia root,Varrock digsite dungeon,52_153
3351,9824,0,708,1,Arcenia root,Varrock digsite dungeon,52_153
3365,9829,0,708,1,Arcenia root,Varrock digsite dungeon,52_153
3369,9835,0,708,1,Arcenia root,Varrock digsite dungeon,52_153
3348,9818,0,1267,1,Iron pickaxe,Varrock Digsite Dungeon,52_153
3349,9817,0,1267,1,Iron pickaxe,Varrock Digsite Dungeon,52_153
3350,9816,0,1267,1,Iron pickaxe,Varrock Digsite Dungeon,52_153
3355,9824,0,1925,1,Bucket,Varrock Digsite Dungeon,52_153
3356,9819,0,1925,1,Bucket,Varrock Digsite Dungeon,52_153
3358,9821,0,1925,1,Bucket,Varrock Digsite Dungeon,52_153
3365,9814,0,526,1,Bones,Bucket,Varrock Digsite Dungeon,52_153
3367,9813,0,526,1,Bones,Bucket,Varrock Digsite Dungeon,52_153
3368,9815,0,526,1,Bones,Bucket,Varrock Digsite Dungeon,52_153
3369,9817,0,526,1,Bones,Bucket,Varrock Digsite Dungeon,52_153
3372,9817,0,526,1,Bones,Bucket,Varrock Digsite Dungeon,52_153
3376,9822,0,526,1,Bones,Bucket,Varrock Digsite Dungeon,52_153
3384,9817,0,526,1,Bones,Bucket,Varrock Digsite Dungeon,52_153
3384,9820,0,526,1,Bones,Bucket,Varrock Digsite Dungeon,52_153
3385,9813,0,526,1,Bones,Bucket,Varrock Digsite Dungeon,52_153
3385,9818,0,526,1,Bones,Bucket,Varrock Digsite Dungeon,52_153
3386,9812,0,526,1,Bones,Bucket,Varrock Digsite Dungeon,52_153
3369,3378,0,677,1,Panning tray,Varrock digsite,52_52
3354,3426,0,526,1,Bones,Varrock digsite,52_53
3357,3428,0,526,1,Bones,Varrock digsite,52_53
3368,3411,0,526,1,Bones,Varrock digsite,52_53
3369,3412,0,526,1,Bones,Varrock digsite,52_53
3361,3411,0,526,1,Bones,Varrock digsite,52_53
